{"cameraMode":{"drawMode":0,"name":"Shaded","section":"Shading Mode"},"sceneLighting":true,"audioPlay":false,"sceneViewState":{"showFog":true,"showMaterialUpdate":false,"showSkybox":true,"showFlares":true,"showImageEffects":true,"showParticleSystems":true},"in2DMode":false,"pivot":{"x":172.2218017578125,"y":42.96989822387695,"z":187.46522521972657},"rotation":{"x":-0.04987426847219467,"y":0.7866494059562683,"z":-0.06410352140665055,"w":-0.6120350360870361},"size":3.81881046295166,"orthographic":false}