{"cameraMode":{"drawMode":0,"name":"Shaded","section":"Shading Mode"},"sceneLighting":false,"audioPlay":false,"sceneViewState":{"showFog":true,"showMaterialUpdate":false,"showSkybox":false,"showFlares":true,"showImageEffects":true,"showParticleSystems":true},"in2DMode":false,"pivot":{"x":-277.5384826660156,"y":-0.5057371854782105,"z":12.74583911895752},"rotation":{"x":0.11627547442913056,"y":-0.2461017519235611,"z":0.029750708490610124,"w":0.9617946743965149},"size":8.944972038269043,"orthographic":false}